[
  {
    "ts": "2018-10-28T05:03:12Z",
    "platform": "Android OS 8.0.0 API 26 (samsung, SM-G965U)",
    "ms_played": 26992,
    "conn_country": "US",
    "ip_addr": "174.216.2.181",
    "master_metadata_track_name": null,
    "master_metadata_album_artist_name": null,
    "master_metadata_album_album_name": null,
    "spotify_track_uri": null,
    "episode_name": "Search that knows what you like",
    "episode_show_name": "What's New with Spotify Premium",
    "spotify_episode_uri": "spotify:episode:6pduhwcDdPATadVeGO0D1o",
    "reason_start": "appload",
    "reason_end": "trackdone",
    "shuffle": false,
    "skipped": false,
    "offline": false,
    "offline_timestamp": null,
    "incognito_mode": false
  },
  {
    "ts": "2018-10-28T05:03:14Z",
    "platform": "Android OS 8.0.0 API 26 (samsung, SM-G965U)",
    "ms_played": 410,
    "conn_country": "US",
    "ip_addr": "174.216.2.181",
    "master_metadata_track_name": null,
    "master_metadata_album_artist_name": null,
    "master_metadata_album_album_name": null,
    "spotify_track_uri": null,
    "episode_name": "Search that knows what you like",
    "episode_show_name": "What's New with Spotify Premium",
    "spotify_episode_uri": "spotify:episode:6pduhwcDdPATadVeGO0D1o",
    "reason_start": "trackdone",
    "reason_end": "endplay",
    "shuffle": false,
    "skipped": false,
    "offline": false,
    "offline_timestamp": null,
    "incognito_mode": false
  },
  {
    "ts": "2021-02-11T22:58:50Z",
    "platform": "OS X 10.16.0 [x86 8]",
    "ms_played": 0,
    "conn_country": "US",
    "ip_addr": "73.53.68.45",
    "master_metadata_track_name": null,
    "master_metadata_album_artist_name": null,
    "master_metadata_album_album_name": null,
    "spotify_track_uri": null,
    "episode_name": "#1609 - Elon Musk",
    "episode_show_name": "The Joe Rogan Experience",
    "spotify_episode_uri": "spotify:episode:2aB2swgyXqbFA06AxPlFmr",
    "reason_start": "remote",
    "reason_end": "endplay",
    "shuffle": false,
    "skipped": false,
    "offline": false,
    "offline_timestamp": null,
    "incognito_mode": false
  },
  {
    "ts": "2021-02-12T01:00:15Z",
    "platform": "OS X 10.16.0 [x86 8]",
    "ms_played": 0,
    "conn_country": "US",
    "ip_addr": "73.53.68.45",
    "master_metadata_track_name": null,
    "master_metadata_album_artist_name": null,
    "master_metadata_album_album_name": null,
    "spotify_track_uri": null,
    "episode_name": "#1609 - Elon Musk",
    "episode_show_name": "The Joe Rogan Experience",
    "spotify_episode_uri": "spotify:episode:2aB2swgyXqbFA06AxPlFmr",
    "reason_start": "remote",
    "reason_end": "remote",
    "shuffle": false,
    "skipped": false,
    "offline": false,
    "offline_timestamp": null,
    "incognito_mode": false
  },
  {
    "ts": "2021-02-12T01:06:01Z",
    "platform": "OS X 10.16.0 [x86 8]",
    "ms_played": 0,
    "conn_country": "US",
    "ip_addr": "73.53.68.45",
    "master_metadata_track_name": null,
    "master_metadata_album_artist_name": null,
    "master_metadata_album_album_name": null,
    "spotify_track_uri": null,
    "episode_name": "#1609 - Elon Musk",
    "episode_show_name": "The Joe Rogan Experience",
    "spotify_episode_uri": "spotify:episode:2aB2swgyXqbFA06AxPlFmr",
    "reason_start": "remote",
    "reason_end": "remote",
    "shuffle": false,
    "skipped": false,
    "offline": false,
    "offline_timestamp": null,
    "incognito_mode": false
  },
  {
    "ts": "2021-02-12T01:06:04Z",
    "platform": "OS X 10.16.0 [x86 8]",
    "ms_played": 0,
    "conn_country": "US",
    "ip_addr": "73.53.68.45",
    "master_metadata_track_name": null,
    "master_metadata_album_artist_name": null,
    "master_metadata_album_album_name": null,
    "spotify_track_uri": null,
    "episode_name": "#1609 - Elon Musk",
    "episode_show_name": "The Joe Rogan Experience",
    "spotify_episode_uri": "spotify:episode:2aB2swgyXqbFA06AxPlFmr",
    "reason_start": "remote",
    "reason_end": "endplay",
    "shuffle": false,
    "skipped": false,
    "offline": false,
    "offline_timestamp": null,
    "incognito_mode": false
  },
  {
    "ts": "2021-02-12T05:51:42Z",
    "platform": "Android OS 11 API 30 (samsung, SM-N981U1)",
    "ms_played": 11585196,
    "conn_country": "US",
    "ip_addr": "73.53.68.45",
    "master_metadata_track_name": null,
    "master_metadata_album_artist_name": null,
    "master_metadata_album_album_name": null,
    "spotify_track_uri": null,
    "episode_name": "#1609 - Elon Musk",
    "episode_show_name": "The Joe Rogan Experience",
    "spotify_episode_uri": "spotify:episode:2aB2swgyXqbFA06AxPlFmr",
    "reason_start": "clickrow",
    "reason_end": "trackdone",
    "shuffle": false,
    "skipped": false,
    "offline": false,
    "offline_timestamp": null,
    "incognito_mode": false
  },
  {
    "ts": "2021-02-12T06:02:44Z",
    "platform": "Android OS 11 API 30 (samsung, SM-N981U1)",
    "ms_played": 0,
    "conn_country": "US",
    "ip_addr": "73.53.68.45",
    "master_metadata_track_name": null,
    "master_metadata_album_artist_name": null,
    "master_metadata_album_album_name": null,
    "spotify_track_uri": null,
    "episode_name": "#1514 - Joe De Sena",
    "episode_show_name": "The Joe Rogan Experience",
    "spotify_episode_uri": "spotify:episode:5OwcTg3qUWupSHKgjQaarf",
    "reason_start": "trackdone",
    "reason_end": "clickrow",
    "shuffle": false,
    "skipped": false,
    "offline": false,
    "offline_timestamp": null,
    "incognito_mode": false
  },
  {
    "ts": "2021-02-12T06:44:55Z",
    "platform": "OS X 10.16.0 [x86 8]",
    "ms_played": 0,
    "conn_country": "US",
    "ip_addr": "73.53.68.45",
    "master_metadata_track_name": null,
    "master_metadata_album_artist_name": null,
    "master_metadata_album_album_name": null,
    "spotify_track_uri": null,
    "episode_name": "#1609 - Elon Musk",
    "episode_show_name": "The Joe Rogan Experience",
    "spotify_episode_uri": "spotify:episode:2aB2swgyXqbFA06AxPlFmr",
    "reason_start": "remote",
    "reason_end": "endplay",
    "shuffle": false,
    "skipped": false,
    "offline": false,
    "offline_timestamp": null,
    "incognito_mode": false
  },
  {
    "ts": "2021-02-12T07:19:45Z",
    "platform": "Android OS 11 API 30 (samsung, SM-N981U1)",
    "ms_played": 3457700,
    "conn_country": "US",
    "ip_addr": "73.53.68.45",
    "master_metadata_track_name": null,
    "master_metadata_album_artist_name": null,
    "master_metadata_album_album_name": null,
    "spotify_track_uri": null,
    "episode_name": "#1609 - Elon Musk",
    "episode_show_name": "The Joe Rogan Experience",
    "spotify_episode_uri": "spotify:episode:2aB2swgyXqbFA06AxPlFmr",
    "reason_start": "clickrow",
    "reason_end": "endplay",
    "shuffle": false,
    "skipped": false,
    "offline": false,
    "offline_timestamp": null,
    "incognito_mode": false
  },
  {
    "ts": "2021-02-12T22:38:24Z",
    "platform": "OS X 10.16.0 [x86 8]",
    "ms_played": 0,
    "conn_country": "US",
    "ip_addr": "73.53.68.45",
    "master_metadata_track_name": null,
    "master_metadata_album_artist_name": null,
    "master_metadata_album_album_name": null,
    "spotify_track_uri": null,
    "episode_name": "#1609 - Elon Musk",
    "episode_show_name": "The Joe Rogan Experience",
    "spotify_episode_uri": "spotify:episode:2aB2swgyXqbFA06AxPlFmr",
    "reason_start": "remote",
    "reason_end": "endplay",
    "shuffle": false,
    "skipped": false,
    "offline": false,
    "offline_timestamp": null,
    "incognito_mode": false
  },
  {
    "ts": "2021-02-17T06:32:43Z",
    "platform": "Android OS 11 API 30 (samsung, SM-N981U1)",
    "ms_played": 528046,
    "conn_country": "US",
    "ip_addr": "73.53.68.45",
    "master_metadata_track_name": null,
    "master_metadata_album_artist_name": null,
    "master_metadata_album_album_name": null,
    "spotify_track_uri": null,
    "episode_name": "#1609 - Elon Musk",
    "episode_show_name": "The Joe Rogan Experience",
    "spotify_episode_uri": "spotify:episode:2aB2swgyXqbFA06AxPlFmr",
    "reason_start": "clickrow",
    "reason_end": "endplay",
    "shuffle": false,
    "skipped": false,
    "offline": false,
    "offline_timestamp": null,
    "incognito_mode": false
  },
  {
    "ts": "2021-02-17T09:05:20Z",
    "platform": "Android OS 11 API 30 (samsung, SM-N981U1)",
    "ms_played": 5902113,
    "conn_country": "US",
    "ip_addr": "73.53.68.45",
    "master_metadata_track_name": null,
    "master_metadata_album_artist_name": null,
    "master_metadata_album_album_name": null,
    "spotify_track_uri": null,
    "episode_name": "#1609 - Elon Musk",
    "episode_show_name": "The Joe Rogan Experience",
    "spotify_episode_uri": "spotify:episode:2aB2swgyXqbFA06AxPlFmr",
    "reason_start": "appload",
    "reason_end": "endplay",
    "shuffle": false,
    "skipped": false,
    "offline": false,
    "offline_timestamp": null,
    "incognito_mode": false
  },
  {
    "ts": "2021-02-17T12:00:12Z",
    "platform": "Android OS 11 API 30 (samsung, SM-N981U1)",
    "ms_played": 192148,
    "conn_country": "US",
    "ip_addr": "73.53.68.45",
    "master_metadata_track_name": null,
    "master_metadata_album_artist_name": null,
    "master_metadata_album_album_name": null,
    "spotify_track_uri": null,
    "episode_name": "#1609 - Elon Musk",
    "episode_show_name": "The Joe Rogan Experience",
    "spotify_episode_uri": "spotify:episode:2aB2swgyXqbFA06AxPlFmr",
    "reason_start": "appload",
    "reason_end": "endplay",
    "shuffle": false,
    "skipped": false,
    "offline": false,
    "offline_timestamp": null,
    "incognito_mode": false
  },
  {
    "ts": "2023-07-14T07:19:48Z",
    "platform": "android",
    "ms_played": 512752,
    "conn_country": "US",
    "ip_addr": "73.11.170.81",
    "master_metadata_track_name": null,
    "master_metadata_album_artist_name": null,
    "master_metadata_album_album_name": null,
    "spotify_track_uri": null,
    "episode_name": "#2008 - Stephen C. Meyer",
    "episode_show_name": "The Joe Rogan Experience",
    "spotify_episode_uri": "spotify:episode:3woccDLWFU1cvOcQ5Oflue",
    "reason_start": "clickrow",
    "reason_end": "unexpected-exit-while-paused",
    "shuffle": false,
    "skipped": false,
    "offline": null,
    "offline_timestamp": null,
    "incognito_mode": false
  },
  {
    "ts": "2023-07-14T20:49:05Z",
    "platform": "android",
    "ms_played": 11493,
    "conn_country": "US",
    "ip_addr": "174.231.130.44",
    "master_metadata_track_name": null,
    "master_metadata_album_artist_name": null,
    "master_metadata_album_album_name": null,
    "spotify_track_uri": null,
    "episode_name": "#2008 - Stephen C. Meyer",
    "episode_show_name": "The Joe Rogan Experience",
    "spotify_episode_uri": "spotify:episode:3woccDLWFU1cvOcQ5Oflue",
    "reason_start": "appload",
    "reason_end": "trackerror",
    "shuffle": false,
    "skipped": false,
    "offline": null,
    "offline_timestamp": null,
    "incognito_mode": false
  },
  {
    "ts": "2023-10-15T00:52:03Z",
    "platform": "android",
    "ms_played": 6377,
    "conn_country": "US",
    "ip_addr": "174.208.96.203",
    "master_metadata_track_name": "Догорает",
    "master_metadata_album_artist_name": "МИРТЛ",
    "master_metadata_album_album_name": "Догорает",
    "spotify_track_uri": "spotify:track:1gAwu6xqRmDrk4mIByKgye",
    "episode_name": null,
    "episode_show_name": null,
    "spotify_episode_uri": null,
    "reason_start": "unknown",
    "reason_end": "endplay",
    "shuffle": false,
    "skipped": true,
    "offline": null,
    "offline_timestamp": null,
    "incognito_mode": false
  },
  {
    "ts": "2023-10-15T00:52:15Z",
    "platform": "android",
    "ms_played": 7905,
    "conn_country": "US",
    "ip_addr": "174.208.96.203",
    "master_metadata_track_name": "Догорает",
    "master_metadata_album_artist_name": "МИРТЛ",
    "master_metadata_album_album_name": "Догорает",
    "spotify_track_uri": "spotify:track:1gAwu6xqRmDrk4mIByKgye",
    "episode_name": null,
    "episode_show_name": null,
    "spotify_episode_uri": null,
    "reason_start": "unknown",
    "reason_end": "endplay",
    "shuffle": false,
    "skipped": true,
    "offline": null,
    "offline_timestamp": null,
    "incognito_mode": false
  },
  {
    "ts": "2023-10-15T00:55:15Z",
    "platform": "android",
    "ms_played": 2345,
    "conn_country": "US",
    "ip_addr": "174.208.96.203",
    "master_metadata_track_name": "Догорает",
    "master_metadata_album_artist_name": "МИРТЛ",
    "master_metadata_album_album_name": "Догорает",
    "spotify_track_uri": "spotify:track:1gAwu6xqRmDrk4mIByKgye",
    "episode_name": null,
    "episode_show_name": null,
    "spotify_episode_uri": null,
    "reason_start": "unknown",
    "reason_end": "endplay",
    "shuffle": false,
    "skipped": true,
    "offline": null,
    "offline_timestamp": null,
    "incognito_mode": false
  },
  {
    "ts": "2023-10-15T00:55:20Z",
    "platform": "android",
    "ms_played": 3543,
    "conn_country": "US",
    "ip_addr": "174.208.96.203",
    "master_metadata_track_name": "Догорает",
    "master_metadata_album_artist_name": "МИРТЛ",
    "master_metadata_album_album_name": "Догорает",
    "spotify_track_uri": "spotify:track:1gAwu6xqRmDrk4mIByKgye",
    "episode_name": null,
    "episode_show_name": null,
    "spotify_episode_uri": null,
    "reason_start": "unknown",
    "reason_end": "endplay",
    "shuffle": false,
    "skipped": true,
    "offline": null,
    "offline_timestamp": null,
    "incognito_mode": false
  },
  {
    "ts": "2023-10-15T00:55:34Z",
    "platform": "android",
    "ms_played": 9084,
    "conn_country": "US",
    "ip_addr": "174.208.96.203",
    "master_metadata_track_name": "Navy Light",
    "master_metadata_album_artist_name": "Labyrinth Ear",
    "master_metadata_album_album_name": "Oak",
    "spotify_track_uri": "spotify:track:6o43Gi1cX7Nyi6koSkwIBc",
    "episode_name": null,
    "episode_show_name": null,
    "spotify_episode_uri": null,
    "reason_start": "unknown",
    "reason_end": "endplay",
    "shuffle": false,
    "skipped": true,
    "offline": null,
    "offline_timestamp": null,
    "incognito_mode": false
  },
  {
    "ts": "2023-10-15T00:55:43Z",
    "platform": "android",
    "ms_played": 710,
    "conn_country": "US",
    "ip_addr": "174.208.96.203",
    "master_metadata_track_name": "Navy Light",
    "master_metadata_album_artist_name": "Labyrinth Ear",
    "master_metadata_album_album_name": "Oak",
    "spotify_track_uri": "spotify:track:6o43Gi1cX7Nyi6koSkwIBc",
    "episode_name": null,
    "episode_show_name": null,
    "spotify_episode_uri": null,
    "reason_start": "unknown",
    "reason_end": "endplay",
    "shuffle": false,
    "skipped": true,
    "offline": null,
    "offline_timestamp": null,
    "incognito_mode": false
  },
  {
    "ts": "2024-02-15T02:57:35Z",
    "platform": "android",
    "ms_played": 29860,
    "conn_country": "US",
    "ip_addr": "24.19.182.189",
    "master_metadata_track_name": "Toba",
    "master_metadata_album_artist_name": "Polynation",
    "master_metadata_album_album_name": "Igneous",
    "spotify_track_uri": "spotify:track:2T0IaMMh4KfpNC01UqL6N4",
    "episode_name": null,
    "episode_show_name": null,
    "spotify_episode_uri": null,
    "reason_start": "unknown",
    "reason_end": "trackdone",
    "shuffle": false,
    "skipped": false,
    "offline": null,
    "offline_timestamp": null,
    "incognito_mode": false
  },
  {
    "ts": "2024-02-15T02:57:36Z",
    "platform": "android",
    "ms_played": 339,
    "conn_country": "US",
    "ip_addr": "24.19.182.189",
    "master_metadata_track_name": "Toba",
    "master_metadata_album_artist_name": "Polynation",
    "master_metadata_album_album_name": "Igneous",
    "spotify_track_uri": "spotify:track:2T0IaMMh4KfpNC01UqL6N4",
    "episode_name": null,
    "episode_show_name": null,
    "spotify_episode_uri": null,
    "reason_start": "unknown",
    "reason_end": "endplay",
    "shuffle": false,
    "skipped": true,
    "offline": null,
    "offline_timestamp": null,
    "incognito_mode": false
  },
  {
    "ts": "2024-02-25T20:48:50Z",
    "platform": "android",
    "ms_played": 15281,
    "conn_country": "US",
    "ip_addr": "24.19.182.189",
    "master_metadata_track_name": "Too Late Now",
    "master_metadata_album_artist_name": "Wet Leg",
    "master_metadata_album_album_name": "Too Late Now / Oh No",
    "spotify_track_uri": "spotify:track:6OH7Zxopr4NxIVPfORUEoR",
    "episode_name": null,
    "episode_show_name": null,
    "spotify_episode_uri": null,
    "reason_start": "unknown",
    "reason_end": "endplay",
    "shuffle": false,
    "skipped": true,
    "offline": null,
    "offline_timestamp": null,
    "incognito_mode": false
  },
  {
    "ts": "2024-04-02T20:19:46Z",
    "platform": "android",
    "ms_played": 0,
    "conn_country": "US",
    "ip_addr": "174.198.12.156",
    "master_metadata_track_name": "Docket (feat. Bully)",
    "master_metadata_album_artist_name": "Blondshell",
    "master_metadata_album_album_name": "Docket (feat. Bully)",
    "spotify_track_uri": "spotify:track:3NfastUCFxLepBhv7UGSqR",
    "episode_name": null,
    "episode_show_name": null,
    "spotify_episode_uri": null,
    "reason_start": "unknown",
    "reason_end": "endplay",
    "shuffle": false,
    "skipped": true,
    "offline": null,
    "offline_timestamp": null,
    "incognito_mode": false
  },
  {
    "ts": "2024-04-02T20:19:47Z",
    "platform": "android",
    "ms_played": 0,
    "conn_country": "US",
    "ip_addr": "174.198.12.156",
    "master_metadata_track_name": "Cola",
    "master_metadata_album_artist_name": "Arlo Parks",
    "master_metadata_album_album_name": "Cola",
    "spotify_track_uri": "spotify:track:0i6c86ntKJoZpKk8aCHL3c",
    "episode_name": null,
    "episode_show_name": null,
    "spotify_episode_uri": null,
    "reason_start": "unknown",
    "reason_end": "endplay",
    "shuffle": false,
    "skipped": true,
    "offline": null,
    "offline_timestamp": null,
    "incognito_mode": false
  },
  {
    "ts": "2024-04-02T20:19:47Z",
    "platform": "android",
    "ms_played": 0,
    "conn_country": "US",
    "ip_addr": "174.198.12.156",
    "master_metadata_track_name": "Docket (feat. Bully)",
    "master_metadata_album_artist_name": "Blondshell",
    "master_metadata_album_album_name": "Docket (feat. Bully)",
    "spotify_track_uri": "spotify:track:3NfastUCFxLepBhv7UGSqR",
    "episode_name": null,
    "episode_show_name": null,
    "spotify_episode_uri": null,
    "reason_start": "unknown",
    "reason_end": "endplay",
    "shuffle": false,
    "skipped": true,
    "offline": null,
    "offline_timestamp": null,
    "incognito_mode": false
  },
  {
    "ts": "2024-04-02T20:19:48Z",
    "platform": "android",
    "ms_played": 0,
    "conn_country": "US",
    "ip_addr": "174.198.12.156",
    "master_metadata_track_name": "Cola",
    "master_metadata_album_artist_name": "Arlo Parks",
    "master_metadata_album_album_name": "Cola",
    "spotify_track_uri": "spotify:track:0i6c86ntKJoZpKk8aCHL3c",
    "episode_name": null,
    "episode_show_name": null,
    "spotify_episode_uri": null,
    "reason_start": "unknown",
    "reason_end": "endplay",
    "shuffle": false,
    "skipped": true,
    "offline": null,
    "offline_timestamp": null,
    "incognito_mode": false
  },
  {
    "ts": "2024-04-02T20:19:49Z",
    "platform": "android",
    "ms_played": 0,
    "conn_country": "US",
    "ip_addr": "174.198.12.156",
    "master_metadata_track_name": "Grade",
    "master_metadata_album_artist_name": "Ishome",
    "master_metadata_album_album_name": "Confession",
    "spotify_track_uri": "spotify:track:4xghkcsq6s5ObQ3T2xY1N1",
    "episode_name": null,
    "episode_show_name": null,
    "spotify_episode_uri": null,
    "reason_start": "unknown",
    "reason_end": "endplay",
    "shuffle": false,
    "skipped": true,
    "offline": null,
    "offline_timestamp": null,
    "incognito_mode": false
  },
  {
    "ts": "2024-04-02T20:19:49Z",
    "platform": "android",
    "ms_played": 0,
    "conn_country": "US",
    "ip_addr": "174.198.12.156",
    "master_metadata_track_name": "Grade",
    "master_metadata_album_artist_name": "Ishome",
    "master_metadata_album_album_name": "Confession",
    "spotify_track_uri": "spotify:track:4xghkcsq6s5ObQ3T2xY1N1",
    "episode_name": null,
    "episode_show_name": null,
    "spotify_episode_uri": null,
    "reason_start": "unknown",
    "reason_end": "endplay",
    "shuffle": false,
    "skipped": true,
    "offline": null,
    "offline_timestamp": null,
    "incognito_mode": false
  },
  {
    "ts": "2024-04-02T20:19:50Z",
    "platform": "android",
    "ms_played": 0,
    "conn_country": "US",
    "ip_addr": "174.198.12.156",
    "master_metadata_track_name": "Aquatilis",
    "master_metadata_album_artist_name": "Mujuice",
    "master_metadata_album_album_name": "Torus",
    "spotify_track_uri": "spotify:track:6Ad9HXUwYJq0bZ2HbNOqPH",
    "episode_name": null,
    "episode_show_name": null,
    "spotify_episode_uri": null,
    "reason_start": "unknown",
    "reason_end": "endplay",
    "shuffle": false,
    "skipped": true,
    "offline": null,
    "offline_timestamp": null,
    "incognito_mode": false
  },
  {
    "ts": "2024-04-02T20:19:51Z",
    "platform": "android",
    "ms_played": 0,
    "conn_country": "US",
    "ip_addr": "174.198.12.156",
    "master_metadata_track_name": "Cola",
    "master_metadata_album_artist_name": "Arlo Parks",
    "master_metadata_album_album_name": "Cola",
    "spotify_track_uri": "spotify:track:0i6c86ntKJoZpKk8aCHL3c",
    "episode_name": null,
    "episode_show_name": null,
    "spotify_episode_uri": null,
    "reason_start": "unknown",
    "reason_end": "endplay",
    "shuffle": false,
    "skipped": true,
    "offline": null,
    "offline_timestamp": null,
    "incognito_mode": false
  },
  {
    "ts": "2024-04-02T20:19:51Z",
    "platform": "android",
    "ms_played": 0,
    "conn_country": "US",
    "ip_addr": "174.198.12.156",
    "master_metadata_track_name": "Grade",
    "master_metadata_album_artist_name": "Ishome",
    "master_metadata_album_album_name": "Confession",
    "spotify_track_uri": "spotify:track:4xghkcsq6s5ObQ3T2xY1N1",
    "episode_name": null,
    "episode_show_name": null,
    "spotify_episode_uri": null,
    "reason_start": "unknown",
    "reason_end": "endplay",
    "shuffle": false,
    "skipped": true,
    "offline": null,
    "offline_timestamp": null,
    "incognito_mode": false
  },
  {
    "ts": "2024-04-06T06:57:24Z",
    "platform": "android",
    "ms_played": 0,
    "conn_country": "US",
    "ip_addr": "174.198.10.182",
    "master_metadata_track_name": "Nobody Like You (with Vera Blue)",
    "master_metadata_album_artist_name": "Louis The Child",
    "master_metadata_album_album_name": "Here For Now",
    "spotify_track_uri": "spotify:track:3pzHdHpwIb8bzZZAT1jRhk",
    "episode_name": null,
    "episode_show_name": null,
    "spotify_episode_uri": null,
    "reason_start": "unknown",
    "reason_end": "endplay",
    "shuffle": false,
    "skipped": true,
    "offline": null,
    "offline_timestamp": null,
    "incognito_mode": false
  },
  {
    "ts": "2024-04-13T01:27:24Z",
    "platform": "android",
    "ms_played": 0,
    "conn_country": "US",
    "ip_addr": "174.215.116.28",
    "master_metadata_track_name": "Jenny (I Wanna Ruin Our Friendship)",
    "master_metadata_album_artist_name": "Studio Killers",
    "master_metadata_album_album_name": "Jenny (I Wanna Ruin Our Friendship)",
    "spotify_track_uri": "spotify:track:4JLBDUYSaOMPYND0iWeSWQ",
    "episode_name": null,
    "episode_show_name": null,
    "spotify_episode_uri": null,
    "reason_start": "unknown",
    "reason_end": "endplay",
    "shuffle": false,
    "skipped": true,
    "offline": null,
    "offline_timestamp": null,
    "incognito_mode": false
  },
  {
    "ts": "2024-04-13T01:27:24Z",
    "platform": "android",
    "ms_played": 0,
    "conn_country": "US",
    "ip_addr": "174.215.116.28",
    "master_metadata_track_name": "Jenny (I Wanna Ruin Our Friendship)",
    "master_metadata_album_artist_name": "Studio Killers",
    "master_metadata_album_album_name": "Jenny (I Wanna Ruin Our Friendship)",
    "spotify_track_uri": "spotify:track:4JLBDUYSaOMPYND0iWeSWQ",
    "episode_name": null,
    "episode_show_name": null,
    "spotify_episode_uri": null,
    "reason_start": "unknown",
    "reason_end": "endplay",
    "shuffle": false,
    "skipped": true,
    "offline": null,
    "offline_timestamp": null,
    "incognito_mode": false
  },
  {
    "ts": "2024-04-13T01:27:24Z",
    "platform": "android",
    "ms_played": 60,
    "conn_country": "US",
    "ip_addr": "174.215.116.28",
    "master_metadata_track_name": "Jenny (I Wanna Ruin Our Friendship)",
    "master_metadata_album_artist_name": "Studio Killers",
    "master_metadata_album_album_name": "Jenny (I Wanna Ruin Our Friendship)",
    "spotify_track_uri": "spotify:track:4JLBDUYSaOMPYND0iWeSWQ",
    "episode_name": null,
    "episode_show_name": null,
    "spotify_episode_uri": null,
    "reason_start": "unknown",
    "reason_end": "endplay",
    "shuffle": false,
    "skipped": true,
    "offline": null,
    "offline_timestamp": null,
    "incognito_mode": false
  },
  {
    "ts": "2024-04-13T01:27:25Z",
    "platform": "android",
    "ms_played": 172,
    "conn_country": "US",
    "ip_addr": "174.215.116.28",
    "master_metadata_track_name": "Jenny (I Wanna Ruin Our Friendship)",
    "master_metadata_album_artist_name": "Studio Killers",
    "master_metadata_album_album_name": "Jenny (I Wanna Ruin Our Friendship)",
    "spotify_track_uri": "spotify:track:4JLBDUYSaOMPYND0iWeSWQ",
    "episode_name": null,
    "episode_show_name": null,
    "spotify_episode_uri": null,
    "reason_start": "unknown",
    "reason_end": "endplay",
    "shuffle": false,
    "skipped": true,
    "offline": null,
    "offline_timestamp": null,
    "incognito_mode": false
  },
  {
    "ts": "2024-04-13T01:27:25Z",
    "platform": "android",
    "ms_played": 0,
    "conn_country": "US",
    "ip_addr": "174.215.116.28",
    "master_metadata_track_name": "Jenny (I Wanna Ruin Our Friendship)",
    "master_metadata_album_artist_name": "Studio Killers",
    "master_metadata_album_album_name": "Jenny (I Wanna Ruin Our Friendship)",
    "spotify_track_uri": "spotify:track:4JLBDUYSaOMPYND0iWeSWQ",
    "episode_name": null,
    "episode_show_name": null,
    "spotify_episode_uri": null,
    "reason_start": "unknown",
    "reason_end": "endplay",
    "shuffle": false,
    "skipped": true,
    "offline": null,
    "offline_timestamp": null,
    "incognito_mode": false
  },
  {
    "ts": "2024-04-13T13:36:00Z",
    "platform": "android",
    "ms_played": 906,
    "conn_country": "US",
    "ip_addr": "174.215.114.66",
    "master_metadata_track_name": "Mold",
    "master_metadata_album_artist_name": "Jónsi",
    "master_metadata_album_album_name": "Mold",
    "spotify_track_uri": "spotify:track:3QXmaicu5O4wx871Gwr21I",
    "episode_name": null,
    "episode_show_name": null,
    "spotify_episode_uri": null,
    "reason_start": "unknown",
    "reason_end": "endplay",
    "shuffle": false,
    "skipped": true,
    "offline": null,
    "offline_timestamp": null,
    "incognito_mode": false
  }
]